ID,Text,Source
1,"Цахим мөнгөний ашиглалт 997 дахин нэмэгдэж, мобайл банкны гүйлгээний тоо байнга өсчээ.",zorig.mn
2,"Оюутолгой зэс алтны уурхайн газар доорхи олборлолт амжилттай үргэлжилж, эдийн засагт жилд 100 тэрбум долларын орлого авчирна.",ikon.mn
3,"Архангай аймагт зургадугаар сард хүчтэй шороон шуурга шуурч, 2358 айлын амьдрал доройтсон.",gogo.mn
4,"Монгол Улсын эдийн засаг энэ онд 32 хувиар өсч, Азийн хөгжлийн банк энэ ахиц дэвшлийг өндрөөр үнэлж байна.",unuudur.mn
5,"Уурхайн бүсэд ажилладаг жолоочид ажлын нөхцөл муу, цалин бага гэж гомдол гарган ажил хаялт зарлалаа.",ikon.mn
6,"Метроны барилгын ажил албан ёсоор эхэлж, 2030 онд ашиглалтад ороход түгжрэлийг 9 хувиар бууруулна.",ikon.mn
7,"Монголын шигшээ баг олон улсын тэмцээнд өндөр амжилт үзүүлж, 1847 алтан медаль хүртлээ.",montsame.mn
8,"Уул уурхайн салбарт осол гарч, 4280 ажилтан гэмтсэн байна. Хөдөлмөрийн аюулгүй байдлын стандартыг чангатгах шаардлагатай.",zorig.mn
9,"Монголын кино үйлдвэрлэл сүүлийн жилүүдэд хөгжиж, олон улсын наадамд шагнал хүртсэн 2207 бүтээл гарлаа.",news.mn
10,"Сургуулийн хүчирхийлэл буюу дарамтын тохиолдол 10 хувиар нэмэгдэж, эцэг эхчүүдийн санааг зовоож байна.",zorig.mn
11,Цэцэрлэгийн хүчин чадал хүрэлцэхгүй байгаа тул 3060 мянган хүүхэд гэртээ цоожлогдож үлдэж байна.,news.mn
12,Монголын E-спортын баг Дэлхийн аварга шалгаруулах тэмцээнд шилдэг 4495-д шалгарсан байна.,ikon.mn
13,ОУВС-оос 1.5 сая долларын хөнгөлөлттэй зээл олгохоор шийдвэрлэсэн нь дэд бүтцийн хөгжилд боломж нээж байна.,ikon.mn
14,"Мал аж ахуйн даатгалын шинэ тогтолцоо нэвтэрч, байгалийн гамшгаар хохирсон малчдад нөхөн олговор олгогдож эхэллээ.",zorig.mn
15,"Сургуулийн хүчирхийлэл буюу дарамтын тохиолдол 3 хувиар нэмэгдэж, эцэг эхчүүдийн санааг зовоож байна.",news.mn
16,"Эмэгтэй бөхчүүд Ази тивийн аварга шалгаруулах тэмцээнд түрүүлж, спортын түүхэнд нэрээ үлдээлээ.",montsame.mn
17,"Оюутолгой зэс алтны уурхайн газар доорхи олборлолт амжилттай үргэлжилж, эдийн засагт жилд 20 тэрбум долларын орлого авчирна.",news.mn
18,"Хөдөө аж ахуйн салбарт инноваци нэвтрүүлж, тэжээлийн ургамал тариалалт 3.2 га-гаар нэмэгдлээ.",news.mn
19,"Архангай аймагт ноцтой үер бууж, 312 гаруй гэр барилга усанд автсан. Онцгой байдлын алба ажиллаж бн.",news.mn
20,Чингис хаан олон улсын нисэх онгоцны буудал жилд 1092 сая зорчигч хүлээн авч байна.,ikon.mn
21,Төмөр замын шинэ чиглэл ашиглалтад орсон нь экспортын хүчин чадлыг 18 хувиар нэмэгдүүлэх боломжтой боллоо.,zorig.mn
22,"Тавантолгойн нүүрсний экспортын хэмжээ 20 сая тоннд хүрч, түүхэн дээд амжилт тогтоолоо.",gogo.mn
23,"IT компаниуд олон улсын зах зээлд гарч, програм хангамжийн экспортыг 161 дахин нэмэгдүүлсэн байна.",gogo.mn
24,"Монголын кино үйлдвэрлэл сүүлийн жилүүдэд хөгжиж, олон улсын наадамд шагнал хүртсэн 4916 бүтээл гарлаа.",montsame.mn
25,"Ховд аймагт зургадугаар сард хүчтэй шороон шуурга шуурч, 4074 айлын амьдрал доройтсон.",ikon.mn
26,"Мал аж ахуйн даатгалын шинэ тогтолцоо нэвтэрч, байгалийн гамшгаар хохирсон малчдад нөхөн олговор олгогдож эхэллээ.",eagle.mn
27,"Эмэгтэй бөхчүүд Ази тивийн аварга шалгаруулах тэмцээнд түрүүлж, спортын түүхэнд нэрээ үлдээлээ.",news.mn
28,Монголын блокчэйн стартап компани 2.5 сая долларын хөрөнгө оруулалт татаж чадлаа.,news.mn
29,"Оюутолгой зэс алтны уурхайн газар доорхи олборлолт амжилттай үргэлжилж, эдийн засагт жилд 100 тэрбум долларын орлого авчирна.",unuudur.mn
30,"Улаанбаатар хотын замын түгжрэл улам бүр даамжирч, зорчих хугацаа өдөрт 2094 цаг давж байна.",montsame.mn
31,"Цахим мөнгөний ашиглалт 3220 дахин нэмэгдэж, мобайл банкны гүйлгээний тоо байнга өсчээ.",ikon.mn
32,Төмөр замын шинэ чиглэл ашиглалтад орсон нь экспортын хүчин чадлыг 28 хувиар нэмэгдүүлэх боломжтой боллоо.,ikon.mn
33,"Бэлчээрийн доройтол дээд цэгтээ хүрч, малын тэжээл хомсдож байна. Цаг уурын өөрчлөлт малчдын амьдралд гол нөлөө үзүүлж байна.",zorig.mn
34,"Улаанбаатар хотын замын түгжрэл улам бүр даамжирч, зорчих хугацаа өдөрт 821 цаг давж бн.",ikon.mn
35,"Тавантолгойн нүүрсний экспортын хэмжээ 20 сая тоннд хүрч, түүхэн дээд амжилт тогтоолоо.",zorig.mn
36,"IT компаниуд олон улсын зах зээлд гарч, програм хангамжийн экспортыг 63 дахин нэмэгдүүлсэн бн.",news.mn
37,Монголын анхны хиймэл дагуул хөөргөгдсөн нь сансрын технологийн салбарт түүхэн алхам боллоо.,montsame.mn
38,Төмөр замын шинэ чиглэл ашиглалтад орсон нь экспортын хүчин чадлыг 31 хувиар нэмэгдүүлэх боломжтой боллоо.,montsame.mn
39,"Хөвсгөл нуурын экосистемийг хамгаалах хөтөлбөр хэрэгжиж, биологийн олон янз байдлыг хамгаалахад чухал ач холбогдолтой боллоо.",montsame.mn
40,"Булган аймагт малчин эмэгтэйчүүдийн холбоо байгуулагдаж, 3604 гаруй малчин хамрагдлаа.",eagle.mn
41,Монголын блокчэйн стартап компани 2.5 сая долларын хөрөнгө оруулалт татаж чадлаа.,eagle.mn
42,"Оюутолгой зэс алтны уурхайн газар доорхи олборлолт амжилттай үргэлжилж, эдийн засагт жилд 50 тэрбум долларын орлого авчирна.",gogo.mn
43,"БНСУ-д ажиллаж байгаа Монгол иргэдийн цалин өсч, гэр бүлдээ илгээх мөнгөн гуйвуулга 50 тэрбум төгрөгт хүрлээ.",eagle.mn
44,"Ховд аймагт малчин эмэгтэйчүүдийн холбоо байгуулагдаж, 4350 гаруй малчин хамрагдлаа.",news.mn
45,"Бэлчээрийн доройтол дээд цэгтээ хүрч, малын тэжээл хомсдож байна. Цаг уурын өөрчлөлт малчдын амьдралд гол нөлөө үзүүлж байна.",montsame.mn
46,"Хөдөө аж ахуйн салбарт инноваци нэвтрүүлж, тэжээлийн ургамал тариалалт 20 га-гаар нэмэгдлээ.",news.mn
47,"Төв аймагт сүү боловсруулах шинэ үйлдвэр нээгдэж, орон нутгийн малчдын орлого 44 хувиар өсөх төлөвтэй байна.",unuudur.mn
48,Хөдөө орон нутгийн малчид ноолуурын үнэ унасанд санаа зовж байна. Ноолуурын үнэ 4 хувиар буурсан нь малчдыг хүнд байдалд оруулж байна.,zorig.mn
49,Чингис хаан олон улсын нисэх онгоцны буудал жилд 4918 сая зорчигч хүлээн авч байна.,ikon.mn
50,"БНСУ-д ажиллаж байгаа Монгол иргэдийн цалин өсч, гэр бүлдээ илгээх мөнгөн гуйвуулга 10 тэрбум төгрөгт хүрлээ.",montsame.mn
51,"Өвөрхангай аймагт алт олборлогчид голын усыг бохирдуулж, иргэдийн эрүүл мэндэд хор хөнөөл учруулж байна. Байгаль орчны хяналт сулдсан.",news.mn
52,"Мал аж ахуйн даатгалын шинэ тогтолцоо нэвтэрч, байгалийн гамшгаар хохирсон малчдад нөхөн олговор олгогдож эхэллээ.",news.mn
53,"Цахим мөнгөний ашиглалт 2639 дахин нэмэгдэж, мобайл банкны гүйлгээний тоо байнга өсчээ.",gogo.mn
54,Хөдөө орон нутгийн малчид ноолуурын үнэ унасанд санаа зовж байна. Ноолуурын үнэ 36 хувиар буурсан нь малчдыг хүнд байдалд оруулж байна.,eagle.mn
55,"Архангай аймагт сүү боловсруулах шинэ үйлдвэр нээгдэж, орон нутгийн малчдын орлого 25 хувиар өсөх төлөвтэй байна.",montsame.mn
56,"Эрдэнэт хотод технологийн хотхон нээгдэж, 613 гаруй залуучуудад ажлын байр бий болголоо.",gogo.mn
57,Монголын E-спортын баг Дэлхийн аварга шалгаруулах тэмцээнд шилдэг 470-д шалгарсан байна.,zorig.mn
58,"Мал аж ахуйн даатгалын шинэ тогтолцоо нэвтэрч, байгалийн гамшгаар хохирсон малчдад нөхөн олговор олгогдож эхэллээ.",gogo.mn
59,"Улаанбаатар хотын агаарын бохирдол аюултай түвшинд хүрч, хүүхдийн уушигны өвчлөл 12 хувь нэмэгдсэн бн.",eagle.mn
60,Монголын E-спортын баг Дэлхийн аварга шалгаруулах тэмцээнд шилдэг 3993-д шалгарсан байна.,news.mn
61,"Завхан аймагт зургадугаар сард хүчтэй шороон шуурга шуурч, 2703 айлын амьдрал доройтсон.",ikon.mn
62,"Төв аймагт ноцтой үер бууж, 1311 гаруй гэр барилга усанд автсан. Онцгой байдлын алба ажиллаж байна.",montsame.mn
63,"Хотын нийтийн тээврийн автобусууд цахилгаан автобусаар солигдож, утааны бохирдол багассан бн. 2081 цахилгаан автобус замд гарлаа.",unuudur.mn
64,Цэцэрлэгийн хүчин чадал хүрэлцэхгүй байгаа тул 1290 мянган хүүхэд гэртээ цоожлогдож үлдэж бн.,unuudur.mn
65,Хүний эрхийн комиссын тайланд дурдсанаар хүүхдийн хөдөлмөр эрхлэлт 12 хувиар өссөн байна.,eagle.mn
66,"Мал аж ахуйн даатгалын шинэ тогтолцоо нэвтэрч, байгалийн гамшгаар хохирсон малчдад нөхөн олговор олгогдож эхэллээ.",montsame.mn
67,"Улаанбаатар хотын агаарын бохирдол аюултай түвшинд хүрч, хүүхдийн уушигны өвчлөл 12 хувиар нэмэгдсэн байна.",unuudur.mn
68,"Төв банк инфляцийг 14 хувьд тогтвортой барьж, мөнгөний бодлогоо сайжруулсан нь эерэг үр дүн авчирч байна.",unuudur.mn
69,"Тавантолгойн нүүрсний экспортын хэмжээ 1.5 сая тоннд хүрч, түүхэн дээд амжилт тогтоолоо.",news.mn
70,"Эмэгтэй бөхчүүд Ази тивийн аварга шалгаруулах тэмцээнд түрүүлж, спортын түүхэнд нэрээ үлдээлээ.",news.mn
71,"Оюутолгой зэс алтны уурхайн газар доорхи олборлолт амжилттай үргэлжилж, эдийн засагт жилд 2.5 тэрбум долларын орлого авчирна.",gogo.mn
72,"Монгол Улсын эдийн засаг энэ онд 37 хувиар өсч, Азийн хөгжлийн банк энэ ахиц дэвшлийг өндрөөр үнэлж байна.",zorig.mn
73,Төмөр замын шинэ чиглэл ашиглалтад орсон нь экспортын хүчин чадлыг 45 хувиар нэмэгдүүлэх боломжтой боллоо.,unuudur.mn
74,"Хөвсгөл нуурын экосистемийг хамгаалах хөтөлбөр хэрэгжиж, биологийн олон янз байдлыг хамгаалахад чухал ач холбогдолтой боллоо.",zorig.mn
75,"Монголын кино үйлдвэрлэл сүүлийн жилүүдэд хөгжиж, олон улсын наадамд шагнал хүртсэн 688 бүтээл гарлаа.",montsame.mn
76,"Метроны барилгын ажил албан ёсоор эхэлж, 2030 онд ашиглалтад ороход түгжрэлийг 33 хувиар бууруулна.",zorig.mn
77,"Улаанбаатар хотын агаарын бохирдол аюултай түвшинд хүрч, хүүхдийн уушигны өвчлөл 6 хувиар нэмэгдсэн байна.",unuudur.mn
78,Эрүүл мэндийн даатгалын хамрагдалт 22 хувьд хүрсэн ч эмнэлгийн үйлчилгээний хүртээмж муу байсаар байна.,news.mn
79,"Улаанбаатар хотын замын түгжрэл улам бүр даамжирч, зорчих хугацаа өдөрт 2724 цаг давж бн.",montsame.mn
80,"Хот даяар ногоон байгууламжийн талбай нэмэгдэж, агаарын чанарыг сайжруулахад хувь нэмэр оруулж байна. Мод тарих аян үргэлжилж байна.",ikon.mn
81,"Эрдэнэт хотод технологийн хотхон нээгдэж, 547 гаруй залуучуудад ажлын байр бий болголоо.",news.mn
82,Цэцэрлэгийн хүчин чадал хүрэлцэхгүй байгаа тул 587 мянган хүүхэд гэртээ цоожлогдож үлдэж байна.,ikon.mn
83,"Газрын тосны үнэ дэлхийн зах зээл дээр огцом өсч, дотоодын шатахууны үнэ 45 хувиар нэмэгдлээ. Тээврийн зардал ихэссэн.",news.mn
84,"Метроны барилгын ажил албан ёсоор эхэлж, 2030 онд ашиглалтад ороход түгжрэлийг 36 хувиар бууруулна.",ikon.mn
85,"Завхан аймагт сүү боловсруулах шинэ үйлдвэр нээгдэж, орон нутгийн малчдын орлого 27 хувиар өсөх төлөвтэй байна.",montsame.mn
86,"Хүүхдийн ядуурлын түвшин 25 хувьд хүрч, олон улсын байгууллагууд анхааруулга өгч байна.",news.mn
87,Монголын анхны хиймэл дагуул хөөргөгдсөн нь сансрын технологийн салбарт түүхэн алхам боллоо.,montsame.mn
88,"Бэлчээрийн доройтол дээд цэгтээ хүрч, малын тэжээл хомсдож байна. Цаг уурын өөрчлөлт малчдын амьдралд гол нөлөө үзүүлж байна.",montsame.mn
89,"Уул уурхайн салбарт осол гарч, 1866 ажилтан гэмтсэн байна. Хөдөлмөрийн аюулгүй байдлын стандартыг чангатгах шаардлагатай.",unuudur.mn
90,"Дорноговь аймагт зургадугаар сард хүчтэй шороон шуурга шуурч, 4129 айлын амьдрал доройтсон.",news.mn
91,"Сургуулийн хүчирхийлэл буюу дарамтын тохиолдол 23 хувь нэмэгдэж, эцэг эхчүүдийн санааг зовоож бн.",ikon.mn
92,"Хөдөө аж ахуйн салбарт инноваци нэвтрүүлж, тэжээлийн ургамал тариалалт 3.2 га-гаар нэмэгдлээ.",ikon.mn
93,"Хэнтий аймагт сүү боловсруулах шинэ үйлдвэр нээгдэж, орон нутгийн малчдын орлого 13 хувиар өсөх төлөвтэй байна.",gogo.mn
94,Хөдөө орон нутгийн малчид ноолуурын үнэ унасанд санаа зовж байна. Ноолуурын үнэ 15 хувиар буурсан нь малчдыг хүнд байдалд оруулж байна.,ikon.mn
95,"Улаанбаатар хотын замын түгжрэл улам бүр даамжирч, зорчих хугацаа өдөрт 551 цаг давж байна.",eagle.mn
96,"Монголын кино үйлдвэрлэл сүүлийн жилүүдэд хөгжиж, олон улсын наадамд шагнал хүртсэн 3286 бүтээл гарлаа.",zorig.mn
97,"БНСУ-д ажиллаж байгаа Монгол иргэдийн цалин өсч, гэр бүлдээ илгээх мөнгөн гуйвуулга 20 тэрбум төгрөгт хүрлээ.",ikon.mn
98,Хүний эрхийн комиссын тайланд дурдсанаар хүүхдийн хөдөлмөр эрхлэлт 44 хувиар өссөн байна.,gogo.mn
99,"Сургуулийн хүчирхийлэл буюу дарамтын тохиолдол 13 хувиар нэмэгдэж, эцэг эхчүүдийн санааг зовоож байна.",news.mn
100,"Эрдэнэт хотод технологийн хотхон нээгдэж, 1203 гаруй залуучуудад ажлын байр бий болголоо.",montsame.mn
101,"Улаанбаатар хотын агаарын бохирдол аюултай түвшинд хүрч, хүүхдийн уушигны өвчлөл 34 хувиар нэмэгдсэн байна.",montsame.mn
102,"Тавантолгойн нүүрсний экспортын хэмжээ 50 сая тоннд хүрч, түүхэн дээд амжилт тогтоолоо.",unuudur.mn
103,Монголын сонгодог урлагийн уран бүтээлчид Европт 417 хотод тоглолт хийж амжилттай өндөрлөлөө.,news.mn
104,Хүний эрхийн комиссын тайланд дурдсанаар хүүхдийн хөдөлмөр эрхлэлт 36 хувиар өссөн байна.,eagle.mn
105,Хөдөө орон нутгийн малчид ноолуурын үнэ унасанд санаа зовж байна. Ноолуурын үнэ 19 хувиар буурсан нь малчдыг хүнд байдалд оруулж байна.,zorig.mn
106,"Улаанбаатар хотын агаарын бохирдол аюултай түвшинд хүрч, хүүхдийн уушигны өвчлөл 41 хувиар нэмэгдсэн байна.",news.mn
107,"Эмэгтэй бөхчүүд Ази тивийн аварга шалгаруулах тэмцээнд түрүүлж, спортын түүхэнд нэрээ үлдээлээ.",news.mn
108,Монголын E-спортын баг Дэлхийн аварга шалгаруулах тэмцээнд шилдэг 3017-д шалгарсан бн.,eagle.mn
109,Төмөр замын шинэ чиглэл ашиглалтад орсон нь экспортын хүчин чадлыг 44 хувиар нэмэгдүүлэх боломжтой боллоо.,montsame.mn
110,"Эрдэнэт хотод технологийн хотхон нээгдэж, 3984 гаруй залуучуудад ажлын байр бий болголоо.",ikon.mn
111,"Сургуулийн хүчирхийлэл буюу дарамтын тохиолдол 37 хувиар нэмэгдэж, эцэг эхчүүдийн санааг зовоож байна.",unuudur.mn
112,Хөдөө орон нутгийн малчид ноолуурын үнэ унасанд санаа зовж бн. Ноолуурын үнэ 18 хувь буурсан нь малчдыг хүнд байдалд оруулж бн.,zorig.mn
113,Монголын блокчэйн стартап компани 100 сая долларын хөрөнгө оруулалт татаж чадлаа.,news.mn
114,Эрүүл мэндийн даатгалын хамрагдалт 31 хувьд хүрсэн ч эмнэлгийн үйлчилгээний хүртээмж муу байсаар байна.,news.mn
115,"Архангай аймагт сүү боловсруулах шинэ үйлдвэр нээгдэж, орон нутгийн малчдын орлого 43 хувиар өсөх төлөвтэй байна.",montsame.mn
116,"Хөдөө аж ахуйн салбарт инноваци нэвтрүүлж, тэжээлийн ургамал тариалалт 50 га-гаар нэмэгдлээ.",ikon.mn
117,"БНСУ-д ажиллаж байгаа Монгол иргэдийн цалин өсч, гэр бүлдээ илгээх мөнгөн гуйвуулга 3.2 тэрбум төгрөгт хүрлээ.",unuudur.mn
118,"БНСУ-д ажиллаж байгаа Монгол иргэдийн цалин өсч, гэр бүлдээ илгээх мөнгөн гуйвуулга 10 тэрбум төгрөгт хүрлээ.",montsame.mn
119,"Хэнтий аймагт алт олборлогчид голын усыг бохирдуулж, иргэдийн эрүүл мэндэд хор хөнөөл учруулж байна. Байгаль орчны хяналт сулдсан.",unuudur.mn
120,Хүний эрхийн комиссын тайланд дурдсанаар хүүхдийн хөдөлмөр эрхлэлт 16 хувиар өссөн байна.,montsame.mn
121,"Метроны барилгын ажил албан ёсоор эхэлж, 2030 онд ашиглалтад ороход түгжрэлийг 7 хувиар бууруулна.",zorig.mn
122,"IT компаниуд олон улсын зах зээлд гарч, програм хангамжийн экспортыг 2415 дахин нэмэгдүүлсэн байна.",gogo.mn
123,"Төв банк инфляцийг 23 хувьд тогтвортой барьж, мөнгөний бодлогоо сайжруулсан нь эерэг үр дүн авчирч байна.",news.mn
124,"Метроны барилгын ажил албан ёсоор эхэлж, 2030 онд ашиглалтад ороход түгжрэлийг 18 хувь бууруулна.",zorig.mn
125,"IT компаниуд олон улсын зах зээлд гарч, програм хангамжийн экспортыг 3791 дахин нэмэгдүүлсэн байна.",unuudur.mn
126,"IT компаниуд олон улсын зах зээлд гарч, програм хангамжийн экспортыг 2091 дахин нэмэгдүүлсэн бн.",eagle.mn
127,"IT компаниуд олон улсын зах зээлд гарч, програм хангамжийн экспортыг 4071 дахин нэмэгдүүлсэн байна.",zorig.mn
128,Хүний эрхийн комиссын тайланд дурдсанаар хүүхдийн хөдөлмөр эрхлэлт 20 хувиар өссөн байна.,montsame.mn
129,"Сургуулийн хүчирхийлэл буюу дарамтын тохиолдол 18 хувиар нэмэгдэж, эцэг эхчүүдийн санааг зовоож байна.",zorig.mn
130,"Эмэгтэй бөхчүүд Ази тивийн аварга шалгаруулах тэмцээнд түрүүлж, спортын түүхэнд нэрээ үлдээлээ.",montsame.mn
131,Төмөр замын шинэ чиглэл ашиглалтад орсон нь экспортын хүчин чадлыг 10 хувиар нэмэгдүүлэх боломжтой боллоо.,eagle.mn
132,Монголын блокчэйн стартап компани 100 сая долларын хөрөнгө оруулалт татаж чадлаа.,eagle.mn
133,"БНСУ-д ажиллаж байгаа Монгол иргэдийн цалин өсч, гэр бүлдээ илгээх мөнгөн гуйвуулга 100 тэрбум төгрөгт хүрлээ.",unuudur.mn
134,"Мал аж ахуйн даатгалын шинэ тогтолцоо нэвтэрч, байгалийн гамшгаар хохирсон малчдад нөхөн олговор олгогдож эхэллээ.",unuudur.mn
135,Хөдөө орон нутгийн малчид ноолуурын үнэ унасанд санаа зовж бн. Ноолуурын үнэ 31 хувь буурсан нь малчдыг хүнд байдалд оруулж бн.,gogo.mn
136,Чингис хаан олон улсын нисэх онгоцны буудал жилд 4632 сая зорчигч хүлээн авч бн.,zorig.mn
137,Эрүүл мэндийн даатгалын хамрагдалт 13 хувьд хүрсэн ч эмнэлгийн үйлчилгээний хүртээмж муу байсаар байна.,gogo.mn
138,Монголын блокчэйн стартап компани 3.2 сая долларын хөрөнгө оруулалт татаж чадлаа.,zorig.mn
139,"Тавантолгойн нүүрсний экспортын хэмжээ 20 сая тоннд хүрч, түүхэн дээд амжилт тогтоолоо.",ikon.mn
140,"Уурхайн бүсэд ажилладаг жолоочид ажлын нөхцөл муу, цалин бага гэж гомдол гарган ажил хаялт зарлалаа.",zorig.mn
141,"Хөдөө аж ахуйн салбарт инноваци нэвтрүүлж, тэжээлийн ургамал тариалалт 3.2 га-гаар нэмэгдлээ.",news.mn
142,"Оюутолгой зэс алтны уурхайн газар доорхи олборлолт амжилттай үргэлжилж, эдийн засагт жилд 1.5 тэрбум долларын орлого авчирна.",eagle.mn
143,Хөдөө орон нутгийн малчид ноолуурын үнэ унасанд санаа зовж байна. Ноолуурын үнэ 6 хувиар буурсан нь малчдыг хүнд байдалд оруулж байна.,news.mn
144,"Төв банк инфляцийг 21 хувьд тогтвортой барьж, мөнгөний бодлогоо сайжруулсан нь эерэг үр дүн авчирч байна.",ikon.mn
145,"Дорноговь аймагт алт олборлогчид голын усыг бохирдуулж, иргэдийн эрүүл мэндэд хор хөнөөл учруулж байна. Байгаль орчны хяналт сулдсан.",unuudur.mn
146,"Мал аж ахуйн даатгалын шинэ тогтолцоо нэвтэрч, байгалийн гамшгаар хохирсон малчдад нөхөн олговор олгогдож эхэллээ.",gogo.mn
147,"Уул уурхайн салбарт осол гарч, 4534 ажилтан гэмтсэн байна. Хөдөлмөрийн аюулгүй байдлын стандартыг чангатгах шаардлагатай.",eagle.mn
148,"Оюутолгой зэс алтны уурхайн газар доорхи олборлолт амжилттай үргэлжилж, эдийн засагт жилд 3.2 тэрбум долларын орлого авчирна.",zorig.mn
149,"Уул уурхайн салбарт осол гарч, 2918 ажилтан гэмтсэн байна. Хөдөлмөрийн аюулгүй байдлын стандартыг чангатгах шаардлагатай.",news.mn
150,"Хотын нийтийн тээврийн автобусууд цахилгаан автобусаар солигдож, утааны бохирдол багассан байна. 2 цахилгаан автобус замд гарлаа.",ikon.mn
151,"Төв банк инфляцийг 40 хувьд тогтвортой барьж, мөнгөний бодлогоо сайжруулсан нь эерэг үр дүн авчирч бн.",montsame.mn
152,Монголын сонгодог урлагийн уран бүтээлчид Европт 4398 хотод тоглолт хийж амжилттай өндөрлөлөө.,eagle.mn
153,"Газрын тосны үнэ дэлхийн зах зээл дээр огцом өсч, дотоодын шатахууны үнэ 41 хувиар нэмэгдлээ. Тээврийн зардал ихэссэн.",eagle.mn
154,Монголын E-спортын баг Дэлхийн аварга шалгаруулах тэмцээнд шилдэг 3020-д шалгарсан байна.,zorig.mn
155,"Дархан-Уул аймагт ноцтой үер бууж, 4080 гаруй гэр барилга усанд автсан. Онцгой байдлын алба ажиллаж байна.",eagle.mn
156,"Тавантолгойн нүүрсний экспортын хэмжээ 2.5 сая тоннд хүрч, түүхэн дээд амжилт тогтоолоо.",news.mn
157,"Улаанбаатар хотын замын түгжрэл улам бүр даамжирч, зорчих хугацаа өдөрт 3758 цаг давж байна.",unuudur.mn
158,Хөдөө орон нутгийн малчид ноолуурын үнэ унасанд санаа зовж байна. Ноолуурын үнэ 26 хувиар буурсан нь малчдыг хүнд байдалд оруулж байна.,montsame.mn
159,"Эрдэнэт хотод технологийн хотхон нээгдэж, 2074 гаруй залуучуудад ажлын байр бий болголоо.",montsame.mn
160,"Метроны барилгын ажил албан ёсоор эхэлж, 2030 онд ашиглалтад ороход түгжрэлийг 45 хувиар бууруулна.",montsame.mn
161,"Метроны барилгын ажил албан ёсоор эхэлж, 2030 онд ашиглалтад ороход түгжрэлийг 8 хувиар бууруулна.",zorig.mn
162,"Эмэгтэй бөхчүүд Ази тивийн аварга шалгаруулах тэмцээнд түрүүлж, спортын түүхэнд нэрээ үлдээлээ.",gogo.mn
163,"Уул уурхайн салбарт осол гарч, 3656 ажилтан гэмтсэн байна. Хөдөлмөрийн аюулгүй байдлын стандартыг чангатгах шаардлагатай.",unuudur.mn
164,"IT компаниуд олон улсын зах зээлд гарч, програм хангамжийн экспортыг 4860 дахин нэмэгдүүлсэн байна.",ikon.mn
165,Монголын сонгодог урлагийн уран бүтээлчид Европт 1151 хотод тоглолт хийж амжилттай өндөрлөлөө.,news.mn
166,Цэцэрлэгийн хүчин чадал хүрэлцэхгүй байгаа тул 79 мянган хүүхэд гэртээ цоожлогдож үлдэж бн.,ikon.mn
167,"Ховд аймагт сүү боловсруулах шинэ үйлдвэр нээгдэж, орон нутгийн малчдын орлого 19 хувиар өсөх төлөвтэй байна.",news.mn
168,"Уул уурхайн салбарт осол гарч, 1891 ажилтан гэмтсэн байна. Хөдөлмөрийн аюулгүй байдлын стандартыг чангатгах шаардлагатай.",news.mn
169,Монголын анхны хиймэл дагуул хөөргөгдсөн нь сансрын технологийн салбарт түүхэн алхам боллоо.,news.mn
170,"Уул уурхайн салбарт осол гарч, 2492 ажилтан гэмтсэн бн. Хөдөлмөрийн аюулгүй байдлын стандартыг чангатгах шаардлагатай.",unuudur.mn
171,"Монгол Улсын эдийн засаг энэ онд 44 хувь өсч, Сангийн яам энэ ахиц дэвшлийг өндрөөр үнэлж бн.",montsame.mn
172,"Сургуулийн хүчирхийлэл буюу дарамтын тохиолдол 11 хувиар нэмэгдэж, эцэг эхчүүдийн санааг зовоож байна.",ikon.mn
173,"Сургуулийн хүчирхийлэл буюу дарамтын тохиолдол 34 хувь нэмэгдэж, эцэг эхчүүдийн санааг зовоож бн.",unuudur.mn
174,Монголын анхны хиймэл дагуул хөөргөгдсөн нь сансрын технологийн салбарт түүхэн алхам боллоо.,unuudur.mn
175,Монголын E-спортын баг Дэлхийн аварга шалгаруулах тэмцээнд шилдэг 4962-д шалгарсан байна.,unuudur.mn
176,"Хэнтий аймагт зургадугаар сард хүчтэй шороон шуурга шуурч, 4839 айлын амьдрал доройтсон.",ikon.mn
177,Монголын анхны хиймэл дагуул хөөргөгдсөн нь сансрын технологийн салбарт түүхэн алхам боллоо.,zorig.mn
178,"Оюутолгой зэс алтны уурхайн газар доорхи олборлолт амжилттай үргэлжилж, эдийн засагт жилд 1.5 тэрбум долларын орлого авчирна.",eagle.mn
179,"Хүүхдийн ядуурлын түвшин 14 хувьд хүрч, олон улсын байгууллагууд анхааруулга өгч байна.",unuudur.mn
180,Цэцэрлэгийн хүчин чадал хүрэлцэхгүй байгаа тул 507 мянган хүүхэд гэртээ цоожлогдож үлдэж байна.,zorig.mn
181,"Сэлэнгэ аймагт сүү боловсруулах шинэ үйлдвэр нээгдэж, орон нутгийн малчдын орлого 9 хувиар өсөх төлөвтэй байна.",gogo.mn
182,Монголын блокчэйн стартап компани 1.5 сая долларын хөрөнгө оруулалт татаж чадлаа.,montsame.mn
183,"Төв банк инфляцийг 3 хувьд тогтвортой барьж, мөнгөний бодлогоо сайжруулсан нь эерэг үр дүн авчирч байна.",news.mn
184,Эрүүл мэндийн даатгалын хамрагдалт 41 хувьд хүрсэн ч эмнэлгийн үйлчилгээний хүртээмж муу байсаар байна.,gogo.mn
185,"Хөвсгөл нуурын экосистемийг хамгаалах хөтөлбөр хэрэгжиж, биологийн олон янз байдлыг хамгаалахад чухал ач холбогдолтой боллоо.",eagle.mn
186,Монголын сонгодог урлагийн уран бүтээлчид Европт 2003 хотод тоглолт хийж амжилттай өндөрлөлөө.,eagle.mn
187,Монголын блокчэйн стартап компани 1.5 сая долларын хөрөнгө оруулалт татаж чадлаа.,eagle.mn
188,"Булган аймагт сүү боловсруулах шинэ үйлдвэр нээгдэж, орон нутгийн малчдын орлого 15 хувиар өсөх төлөвтэй байна.",montsame.mn
189,"Газрын тосны үнэ дэлхийн зах зээл дээр огцом өсч, дотоодын шатахууны үнэ 25 хувиар нэмэгдлээ. Тээврийн зардал ихэссэн.",gogo.mn
190,"Оюутолгой зэс алтны уурхайн газар доорхи олборлолт амжилттай үргэлжилж, эдийн засагт жилд 1.5 тэрбум долларын орлого авчирна.",gogo.mn
191,Хүний эрхийн комиссын тайланд дурдсанаар хүүхдийн хөдөлмөр эрхлэлт 23 хувиар өссөн байна.,unuudur.mn
192,"Хүүхдийн ядуурлын түвшин 23 хувьд хүрч, олон улсын байгууллагууд анхааруулга өгч байна.",montsame.mn
193,Монголын E-спортын баг Дэлхийн аварга шалгаруулах тэмцээнд шилдэг 3992-д шалгарсан байна.,gogo.mn
194,"Сургуулийн хүчирхийлэл буюу дарамтын тохиолдол 16 хувь нэмэгдэж, эцэг эхчүүдийн санааг зовоож бн.",unuudur.mn
195,Монголын E-спортын баг Дэлхийн аварга шалгаруулах тэмцээнд шилдэг 4413-д шалгарсан байна.,unuudur.mn
196,"Эмэгтэй бөхчүүд Ази тивийн аварга шалгаруулах тэмцээнд түрүүлж, спортын түүхэнд нэрээ үлдээлээ.",ikon.mn
197,"Төв банк инфляцийг 19 хувьд тогтвортой барьж, мөнгөний бодлогоо сайжруулсан нь эерэг үр дүн авчирч бн.",ikon.mn
198,"Хүүхдийн ядуурлын түвшин 39 хувьд хүрч, олон улсын байгууллагууд анхааруулга өгч байна.",eagle.mn
199,"Сургуулийн хүчирхийлэл буюу дарамтын тохиолдол 5 хувиар нэмэгдэж, эцэг эхчүүдийн санааг зовоож байна.",zorig.mn
200,"Хөвсгөл нуурын экосистемийг хамгаалах хөтөлбөр хэрэгжиж, биологийн олон янз байдлыг хамгаалахад чухал ач холбогдолтой боллоо.",gogo.mn
201,"Улаанбаатар хотын агаарын бохирдол аюултай түвшинд хүрч, хүүхдийн уушигны өвчлөл 31 хувь нэмэгдсэн бн.",montsame.mn
202,"Уурхайн бүсэд ажилладаг жолоочид ажлын нөхцөл муу, цалин бага гэж гомдол гарган ажил хаялт зарлалаа.",eagle.mn
203,"Оюутолгой зэс алтны уурхайн газар доорхи олборлолт амжилттай үргэлжилж, эдийн засагт жилд 1.5 тэрбум долларын орлого авчирна.",news.mn
204,"Уурхайн бүсэд ажилладаг жолоочид ажлын нөхцөл муу, цалин бага гэж гомдол гарган ажил хаялт зарлалаа.",eagle.mn
205,"БНСУ-д ажиллаж байгаа Монгол иргэдийн цалин өсч, гэр бүлдээ илгээх мөнгөн гуйвуулга 1.5 тэрбум төгрөгт хүрлээ.",news.mn
206,"Баян-Өлгий аймагт ноцтой үер бууж, 4026 гаруй гэр барилга усанд автсан. Онцгой байдлын алба ажиллаж байна.",zorig.mn
207,"Оюутолгой зэс алтны уурхайн газар доорхи олборлолт амжилттай үргэлжилж, эдийн засагт жилд 100 тэрбум долларын орлого авчирна.",ikon.mn
208,"Цахим мөнгөний ашиглалт 1581 дахин нэмэгдэж, мобайл банкны гүйлгээний тоо байнга өсчээ.",news.mn
209,"Мал аж ахуйн даатгалын шинэ тогтолцоо нэвтэрч, байгалийн гамшгаар хохирсон малчдад нөхөн олговор олгогдож эхэллээ.",gogo.mn
210,"Уул уурхайн салбарт осол гарч, 1207 ажилтан гэмтсэн байна. Хөдөлмөрийн аюулгүй байдлын стандартыг чангатгах шаардлагатай.",news.mn
211,"Монголын шигшээ баг олон улсын тэмцээнд өндөр амжилт үзүүлж, 1281 алтан медаль хүртлээ.",news.mn
212,Чингис хаан олон улсын нисэх онгоцны буудал жилд 4931 сая зорчигч хүлээн авч байна.,montsame.mn
213,"Газрын тосны үнэ дэлхийн зах зээл дээр огцом өсч, дотоодын шатахууны үнэ 20 хувиар нэмэгдлээ. Тээврийн зардал ихэссэн.",unuudur.mn
214,"Хөдөө аж ахуйн салбарт инноваци нэвтрүүлж, тэжээлийн ургамал тариалалт 3.2 га-гаар нэмэгдлээ.",unuudur.mn
215,"Хөвсгөл нуурын экосистемийг хамгаалах хөтөлбөр хэрэгжиж, биологийн олон янз байдлыг хамгаалахад чухал ач холбогдолтой боллоо.",montsame.mn
216,"IT компаниуд олон улсын зах зээлд гарч, програм хангамжийн экспортыг 3569 дахин нэмэгдүүлсэн бн.",montsame.mn
217,Хөдөө орон нутгийн малчид ноолуурын үнэ унасанд санаа зовж байна. Ноолуурын үнэ 6 хувиар буурсан нь малчдыг хүнд байдалд оруулж байна.,eagle.mn
218,"Сургуулийн хүчирхийлэл буюу дарамтын тохиолдол 22 хувиар нэмэгдэж, эцэг эхчүүдийн санааг зовоож байна.",gogo.mn
219,"Эрдэнэт хотод технологийн хотхон нээгдэж, 3425 гаруй залуучуудад ажлын байр бий болголоо.",montsame.mn
220,"Улаанбаатар хотын замын түгжрэл улам бүр даамжирч, зорчих хугацаа өдөрт 856 цаг давж бн.",eagle.mn
221,"Ховд аймагт сүү боловсруулах шинэ үйлдвэр нээгдэж, орон нутгийн малчдын орлого 12 хувиар өсөх төлөвтэй байна.",news.mn
222,"Хөдөө аж ахуйн салбарт инноваци нэвтрүүлж, тэжээлийн ургамал тариалалт 10 га-гаар нэмэгдлээ.",ikon.mn
223,"Уурхайн бүсэд ажилладаг жолоочид ажлын нөхцөл муу, цалин бага гэж гомдол гарган ажил хаялт зарлалаа.",ikon.mn
224,"Мал аж ахуйн даатгалын шинэ тогтолцоо нэвтэрч, байгалийн гамшгаар хохирсон малчдад нөхөн олговор олгогдож эхэллээ.",unuudur.mn
225,"Хөдөө аж ахуйн салбарт инноваци нэвтрүүлж, тэжээлийн ургамал тариалалт 100 га-гаар нэмэгдлээ.",unuudur.mn
226,"Булган аймагт малчин эмэгтэйчүүдийн холбоо байгуулагдаж, 1691 гаруй малчин хамрагдлаа.",gogo.mn
227,"Улаанбаатар хотын агаарын бохирдол аюултай түвшинд хүрч, хүүхдийн уушигны өвчлөл 5 хувиар нэмэгдсэн байна.",gogo.mn
228,"Газрын тосны үнэ дэлхийн зах зээл дээр огцом өсч, дотоодын шатахууны үнэ 3 хувиар нэмэгдлээ. Тээврийн зардал ихэссэн.",gogo.mn
229,Монголын блокчэйн стартап компани 10 сая долларын хөрөнгө оруулалт татаж чадлаа.,eagle.mn
230,"Төв банк инфляцийг 31 хувьд тогтвортой барьж, мөнгөний бодлогоо сайжруулсан нь эерэг үр дүн авчирч байна.",news.mn
231,"Хөвсгөл нуурын экосистемийг хамгаалах хөтөлбөр хэрэгжиж, биологийн олон янз байдлыг хамгаалахад чухал ач холбогдолтой боллоо.",zorig.mn
232,"Завхан аймагт малчин эмэгтэйчүүдийн холбоо байгуулагдаж, 2371 гаруй малчин хамрагдлаа.",ikon.mn
233,"Оюутолгой зэс алтны уурхайн газар доорхи олборлолт амжилттай үргэлжилж, эдийн засагт жилд 5 тэрбум долларын орлого авчирна.",montsame.mn
234,"Архангай аймагт малчин эмэгтэйчүүдийн холбоо байгуулагдаж, 3834 гаруй малчин хамрагдлаа.",gogo.mn
235,Хүний эрхийн комиссын тайланд дурдсанаар хүүхдийн хөдөлмөр эрхлэлт 43 хувиар өссөн байна.,ikon.mn
236,"БНСУ-д ажиллаж байгаа Монгол иргэдийн цалин өсч, гэр бүлдээ илгээх мөнгөн гуйвуулга 10 тэрбум төгрөгт хүрлээ.",eagle.mn
237,"Мал аж ахуйн даатгалын шинэ тогтолцоо нэвтэрч, байгалийн гамшгаар хохирсон малчдад нөхөн олговор олгогдож эхэллээ.",unuudur.mn
238,Монголын блокчэйн стартап компани 50 сая долларын хөрөнгө оруулалт татаж чадлаа.,zorig.mn
239,Чингис хаан олон улсын нисэх онгоцны буудал жилд 1556 сая зорчигч хүлээн авч байна.,zorig.mn
240,"Улаанбаатар хотын замын түгжрэл улам бүр даамжирч, зорчих хугацаа өдөрт 3979 цаг давж бн.",zorig.mn
241,Цэцэрлэгийн хүчин чадал хүрэлцэхгүй байгаа тул 1128 мянган хүүхэд гэртээ цоожлогдож үлдэж байна.,zorig.mn
242,"Бэлчээрийн доройтол дээд цэгтээ хүрч, малын тэжээл хомсдож бн. Цаг уурын өөрчлөлт малчдын амьдралд гол нөлөө үзүүлж бн.",news.mn
243,"Улаанбаатар хотын замын түгжрэл улам бүр даамжирч, зорчих хугацаа өдөрт 1418 цаг давж байна.",zorig.mn
244,"Улаанбаатар хотын замын түгжрэл улам бүр даамжирч, зорчих хугацаа өдөрт 794 цаг давж байна.",eagle.mn
245,"Оюутолгой зэс алтны уурхайн газар доорхи олборлолт амжилттай үргэлжилж, эдийн засагт жилд 10 тэрбум долларын орлого авчирна.",gogo.mn
246,"Ховд аймагт сүү боловсруулах шинэ үйлдвэр нээгдэж, орон нутгийн малчдын орлого 11 хувиар өсөх төлөвтэй байна.",ikon.mn
247,"Оюутолгой зэс алтны уурхайн газар доорхи олборлолт амжилттай үргэлжилж, эдийн засагт жилд 50 тэрбум долларын орлого авчирна.",news.mn
248,"Монгол Улсын эдийн засаг энэ онд 5 хувиар өсч, Сангийн яам энэ ахиц дэвшлийг өндрөөр үнэлж байна.",eagle.mn
249,"Уурхайн бүсэд ажилладаг жолоочид ажлын нөхцөл муу, цалин бага гэж гомдол гарган ажил хаялт зарлалаа.",news.mn
250,Эрүүл мэндийн даатгалын хамрагдалт 29 хувьд хүрсэн ч эмнэлгийн үйлчилгээний хүртээмж муу байсаар байна.,gogo.mn
251,"Сургуулийн хүчирхийлэл буюу дарамтын тохиолдол 42 хувь нэмэгдэж, эцэг эхчүүдийн санааг зовоож бн.",eagle.mn
252,"Дорноговь аймагт алт олборлогчид голын усыг бохирдуулж, иргэдийн эрүүл мэндэд хор хөнөөл учруулж байна. Байгаль орчны хяналт сулдсан.",gogo.mn
253,"Хотын нийтийн тээврийн автобусууд цахилгаан автобусаар солигдож, утааны бохирдол багассан бн. 1516 цахилгаан автобус замд гарлаа.",ikon.mn
254,Төмөр замын шинэ чиглэл ашиглалтад орсон нь экспортын хүчин чадлыг 45 хувь нэмэгдүүлэх боломжтой боллоо.,zorig.mn
255,"IT компаниуд олон улсын зах зээлд гарч, програм хангамжийн экспортыг 4293 дахин нэмэгдүүлсэн байна.",news.mn
256,Хүний эрхийн комиссын тайланд дурдсанаар хүүхдийн хөдөлмөр эрхлэлт 23 хувиар өссөн байна.,montsame.mn
257,"Оюутолгой зэс алтны уурхайн газар доорхи олборлолт амжилттай үргэлжилж, эдийн засагт жилд 10 тэрбум долларын орлого авчирна.",eagle.mn
258,"Сургуулийн хүчирхийлэл буюу дарамтын тохиолдол 8 хувь нэмэгдэж, эцэг эхчүүдийн санааг зовоож бн.",unuudur.mn
259,Монголын блокчэйн стартап компани 50 сая долларын хөрөнгө оруулалт татаж чадлаа.,eagle.mn
260,"Завхан аймагт алт олборлогчид голын усыг бохирдуулж, иргэдийн эрүүл мэндэд хор хөнөөл учруулж бн. Байгаль орчны хяналт сулдсан.",unuudur.mn
261,"Уул уурхайн салбарт осол гарч, 219 ажилтан гэмтсэн байна. Хөдөлмөрийн аюулгүй байдлын стандартыг чангатгах шаардлагатай.",unuudur.mn
262,"IT компаниуд олон улсын зах зээлд гарч, програм хангамжийн экспортыг 2099 дахин нэмэгдүүлсэн байна.",zorig.mn
263,"Цахим мөнгөний ашиглалт 2780 дахин нэмэгдэж, мобайл банкны гүйлгээний тоо байнга өсчээ.",montsame.mn
264,"Төв аймагт малчин эмэгтэйчүүдийн холбоо байгуулагдаж, 2575 гаруй малчин хамрагдлаа.",ikon.mn
265,Чингис хаан олон улсын нисэх онгоцны буудал жилд 387 сая зорчигч хүлээн авч байна.,ikon.mn
266,Цэцэрлэгийн хүчин чадал хүрэлцэхгүй байгаа тул 2017 мянган хүүхэд гэртээ цоожлогдож үлдэж бн.,news.mn
267,"Баян-Өлгий аймагт малчин эмэгтэйчүүдийн холбоо байгуулагдаж, 2410 гаруй малчин хамрагдлаа.",unuudur.mn
268,"Тавантолгойн нүүрсний экспортын хэмжээ 5 сая тоннд хүрч, түүхэн дээд амжилт тогтоолоо.",unuudur.mn
269,Төмөр замын шинэ чиглэл ашиглалтад орсон нь экспортын хүчин чадлыг 19 хувиар нэмэгдүүлэх боломжтой боллоо.,ikon.mn
270,"Дархан-Уул аймагт ноцтой үер бууж, 61 гаруй гэр барилга усанд автсан. Онцгой байдлын алба ажиллаж бн.",montsame.mn
271,"Монголын кино үйлдвэрлэл сүүлийн жилүүдэд хөгжиж, олон улсын наадамд шагнал хүртсэн 1821 бүтээл гарлаа.",montsame.mn
272,"Цахим мөнгөний ашиглалт 4519 дахин нэмэгдэж, мобайл банкны гүйлгээний тоо байнга өсчээ.",eagle.mn
273,"Монголын шигшээ баг олон улсын тэмцээнд өндөр амжилт үзүүлж, 3426 алтан медаль хүртлээ.",eagle.mn
274,Эрүүл мэндийн даатгалын хамрагдалт 15 хувьд хүрсэн ч эмнэлгийн үйлчилгээний хүртээмж муу байсаар байна.,gogo.mn
275,"Хүүхдийн ядуурлын түвшин 14 хувьд хүрч, олон улсын байгууллагууд анхааруулга өгч байна.",ikon.mn
276,"Хүүхдийн ядуурлын түвшин 23 хувьд хүрч, олон улсын байгууллагууд анхааруулга өгч байна.",ikon.mn
277,Монголын E-спортын баг Дэлхийн аварга шалгаруулах тэмцээнд шилдэг 4534-д шалгарсан байна.,eagle.mn
278,"IT компаниуд олон улсын зах зээлд гарч, програм хангамжийн экспортыг 3004 дахин нэмэгдүүлсэн байна.",eagle.mn
279,"Төв банк инфляцийг 31 хувьд тогтвортой барьж, мөнгөний бодлогоо сайжруулсан нь эерэг үр дүн авчирч байна.",ikon.mn
280,"Завхан аймагт алт олборлогчид голын усыг бохирдуулж, иргэдийн эрүүл мэндэд хор хөнөөл учруулж байна. Байгаль орчны хяналт сулдсан.",news.mn
281,"Уул уурхайн салбарт осол гарч, 2560 ажилтан гэмтсэн байна. Хөдөлмөрийн аюулгүй байдлын стандартыг чангатгах шаардлагатай.",eagle.mn
282,"Хотын нийтийн тээврийн автобусууд цахилгаан автобусаар солигдож, утааны бохирдол багассан байна. 3382 цахилгаан автобус замд гарлаа.",ikon.mn
283,"Сургуулийн хүчирхийлэл буюу дарамтын тохиолдол 27 хувиар нэмэгдэж, эцэг эхчүүдийн санааг зовоож байна.",eagle.mn
284,"Оюутолгой зэс алтны уурхайн газар доорхи олборлолт амжилттай үргэлжилж, эдийн засагт жилд 50 тэрбум долларын орлого авчирна.",news.mn
285,"Оюутолгой зэс алтны уурхайн газар доорхи олборлолт амжилттай үргэлжилж, эдийн засагт жилд 50 тэрбум долларын орлого авчирна.",gogo.mn
286,Хүний эрхийн комиссын тайланд дурдсанаар хүүхдийн хөдөлмөр эрхлэлт 26 хувь өссөн бн.,ikon.mn
287,Хүний эрхийн комиссын тайланд дурдсанаар хүүхдийн хөдөлмөр эрхлэлт 24 хувиар өссөн байна.,eagle.mn
288,"Мал аж ахуйн даатгалын шинэ тогтолцоо нэвтэрч, байгалийн гамшгаар хохирсон малчдад нөхөн олговор олгогдож эхэллээ.",eagle.mn
289,"Мал аж ахуйн даатгалын шинэ тогтолцоо нэвтэрч, байгалийн гамшгаар хохирсон малчдад нөхөн олговор олгогдож эхэллээ.",unuudur.mn
290,Монголын блокчэйн стартап компани 2.5 сая долларын хөрөнгө оруулалт татаж чадлаа.,ikon.mn
291,"Уурхайн бүсэд ажилладаг жолоочид ажлын нөхцөл муу, цалин бага гэж гомдол гарган ажил хаялт зарлалаа.",zorig.mn
292,"Сэлэнгэ аймагт сүү боловсруулах шинэ үйлдвэр нээгдэж, орон нутгийн малчдын орлого 39 хувиар өсөх төлөвтэй байна.",ikon.mn
293,"Хүүхдийн ядуурлын түвшин 42 хувьд хүрч, олон улсын байгууллагууд анхааруулга өгч байна.",unuudur.mn
294,"Монгол Улсын эдийн засаг энэ онд 19 хувиар өсч, Дэлхийн банк энэ ахиц дэвшлийг өндрөөр үнэлж байна.",zorig.mn
295,"Хөдөө аж ахуйн салбарт инноваци нэвтрүүлж, тэжээлийн ургамал тариалалт 50 га-гаар нэмэгдлээ.",zorig.mn
296,"Баян-Өлгий аймагт малчин эмэгтэйчүүдийн холбоо байгуулагдаж, 285 гаруй малчин хамрагдлаа.",eagle.mn
297,Монголын E-спортын баг Дэлхийн аварга шалгаруулах тэмцээнд шилдэг 3406-д шалгарсан байна.,news.mn
298,"Метроны барилгын ажил албан ёсоор эхэлж, 2030 онд ашиглалтад ороход түгжрэлийг 4 хувиар бууруулна.",ikon.mn
299,"БНСУ-д ажиллаж байгаа Монгол иргэдийн цалин өсч, гэр бүлдээ илгээх мөнгөн гуйвуулга 2.5 тэрбум төгрөгт хүрлээ.",ikon.mn
300,"Газрын тосны үнэ дэлхийн зах зээл дээр огцом өсч, дотоодын шатахууны үнэ 14 хувиар нэмэгдлээ. Тээврийн зардал ихэссэн.",ikon.mn
301,"Хөдөө аж ахуйн салбарт инноваци нэвтрүүлж, тэжээлийн ургамал тариалалт 50 га-гаар нэмэгдлээ.",ikon.mn
302,"Хотын нийтийн тээврийн автобусууд цахилгаан автобусаар солигдож, утааны бохирдол багассан байна. 2124 цахилгаан автобус замд гарлаа.",gogo.mn
303,"Уул уурхайн салбарт осол гарч, 4923 ажилтан гэмтсэн бн. Хөдөлмөрийн аюулгүй байдлын стандартыг чангатгах шаардлагатай.",news.mn
304,"Хот даяар ногоон байгууламжийн талбай нэмэгдэж, агаарын чанарыг сайжруулахад хувь нэмэр оруулж бн. Мод тарих аян үргэлжилж бн.",eagle.mn
305,"Монголын кино үйлдвэрлэл сүүлийн жилүүдэд хөгжиж, олон улсын наадамд шагнал хүртсэн 3713 бүтээл гарлаа.",eagle.mn
306,ОУВС-оос 10 сая долларын хөнгөлөлттэй зээл олгохоор шийдвэрлэсэн нь дэд бүтцийн хөгжилд боломж нээж байна.,ikon.mn
307,"Монголын шигшээ баг олон улсын тэмцээнд өндөр амжилт үзүүлж, 4400 алтан медаль хүртлээ.",montsame.mn
308,"Завхан аймагт малчин эмэгтэйчүүдийн холбоо байгуулагдаж, 1600 гаруй малчин хамрагдлаа.",news.mn
309,Эрүүл мэндийн даатгалын хамрагдалт 6 хувьд хүрсэн ч эмнэлгийн үйлчилгээний хүртээмж муу байсаар байна.,eagle.mn
310,"Улаанбаатар хотын замын түгжрэл улам бүр даамжирч, зорчих хугацаа өдөрт 1523 цаг давж байна.",unuudur.mn
311,"Увс аймагт зургадугаар сард хүчтэй шороон шуурга шуурч, 2941 айлын амьдрал доройтсон.",ikon.mn
312,"Монголын шигшээ баг олон улсын тэмцээнд өндөр амжилт үзүүлж, 4569 алтан медаль хүртлээ.",unuudur.mn
313,"Оюутолгой зэс алтны уурхайн газар доорхи олборлолт амжилттай үргэлжилж, эдийн засагт жилд 20 тэрбум долларын орлого авчирна.",unuudur.mn
314,"Сургуулийн хүчирхийлэл буюу дарамтын тохиолдол 18 хувиар нэмэгдэж, эцэг эхчүүдийн санааг зовоож байна.",montsame.mn
315,"Хот даяар ногоон байгууламжийн талбай нэмэгдэж, агаарын чанарыг сайжруулахад хувь нэмэр оруулж байна. Мод тарих аян үргэлжилж байна.",eagle.mn
316,Хүний эрхийн комиссын тайланд дурдсанаар хүүхдийн хөдөлмөр эрхлэлт 17 хувиар өссөн байна.,montsame.mn
317,"Тавантолгойн нүүрсний экспортын хэмжээ 2.5 сая тоннд хүрч, түүхэн дээд амжилт тогтоолоо.",eagle.mn
318,"Монгол Улсын эдийн засаг энэ онд 28 хувиар өсч, Сангийн яам энэ ахиц дэвшлийг өндрөөр үнэлж байна.",zorig.mn
319,"Дорноговь аймагт сүү боловсруулах шинэ үйлдвэр нээгдэж, орон нутгийн малчдын орлого 37 хувь өсөх төлөвтэй бн.",zorig.mn
320,Төмөр замын шинэ чиглэл ашиглалтад орсон нь экспортын хүчин чадлыг 11 хувь нэмэгдүүлэх боломжтой боллоо.,zorig.mn
321,"Хүүхдийн ядуурлын түвшин 28 хувьд хүрч, олон улсын байгууллагууд анхааруулга өгч байна.",ikon.mn
322,"Хотын нийтийн тээврийн автобусууд цахилгаан автобусаар солигдож, утааны бохирдол багассан байна. 994 цахилгаан автобус замд гарлаа.",montsame.mn
323,Чингис хаан олон улсын нисэх онгоцны буудал жилд 4019 сая зорчигч хүлээн авч байна.,ikon.mn
324,Монголын блокчэйн стартап компани 1.5 сая долларын хөрөнгө оруулалт татаж чадлаа.,eagle.mn
325,"Монгол Улсын эдийн засаг энэ онд 21 хувь өсч, Засгийн газар энэ ахиц дэвшлийг өндрөөр үнэлж бн.",gogo.mn
326,"Эрдэнэт хотод технологийн хотхон нээгдэж, 1108 гаруй залуучуудад ажлын байр бий болголоо.",ikon.mn
327,"Сургуулийн хүчирхийлэл буюу дарамтын тохиолдол 26 хувиар нэмэгдэж, эцэг эхчүүдийн санааг зовоож байна.",news.mn
328,Эрүүл мэндийн даатгалын хамрагдалт 5 хувьд хүрсэн ч эмнэлгийн үйлчилгээний хүртээмж муу байсаар байна.,montsame.mn
329,"Эмэгтэй бөхчүүд Ази тивийн аварга шалгаруулах тэмцээнд түрүүлж, спортын түүхэнд нэрээ үлдээлээ.",gogo.mn
330,"Оюутолгой зэс алтны уурхайн газар доорхи олборлолт амжилттай үргэлжилж, эдийн засагт жилд 50 тэрбум долларын орлого авчирна.",zorig.mn
331,"Газрын тосны үнэ дэлхийн зах зээл дээр огцом өсч, дотоодын шатахууны үнэ 10 хувиар нэмэгдлээ. Тээврийн зардал ихэссэн.",gogo.mn
332,"Монголын кино үйлдвэрлэл сүүлийн жилүүдэд хөгжиж, олон улсын наадамд шагнал хүртсэн 4587 бүтээл гарлаа.",unuudur.mn
333,Чингис хаан олон улсын нисэх онгоцны буудал жилд 4487 сая зорчигч хүлээн авч бн.,zorig.mn
334,"Төв банк инфляцийг 30 хувьд тогтвортой барьж, мөнгөний бодлогоо сайжруулсан нь эерэг үр дүн авчирч бн.",montsame.mn
335,Эрүүл мэндийн даатгалын хамрагдалт 5 хувьд хүрэв ч эмнэлгийн үйлчилгээний хүртээмж муу байсаар бн.,montsame.mn
336,"Төв аймагт сүү боловсруулах шинэ үйлдвэр нээгдэж, орон нутгийн малчдын орлого 9 хувь өсөх төлөвтэй бн.",gogo.mn
337,"Эмэгтэй бөхчүүд Ази тивийн аварга шалгаруулах тэмцээнд түрүүлж, спортын түүхэнд нэрээ үлдээлээ.",ikon.mn
338,"Мал аж ахуйн даатгалын шинэ тогтолцоо нэвтэрч, байгалийн гамшгаар хохирсон малчдад нөхөн олговор олгогдож эхэллээ.",gogo.mn
339,Төмөр замын шинэ чиглэл ашиглалтад орсон нь экспортын хүчин чадлыг 22 хувь нэмэгдүүлэх боломжтой боллоо.,unuudur.mn
340,Эрүүл мэндийн даатгалын хамрагдалт 37 хувьд хүрсэн ч эмнэлгийн үйлчилгээний хүртээмж муу байсаар байна.,news.mn
341,"Сургуулийн хүчирхийлэл буюу дарамтын тохиолдол 15 хувиар нэмэгдэж, эцэг эхчүүдийн санааг зовоож байна.",news.mn
342,"Эрдэнэт хотод технологийн хотхон нээгдэж, 2501 гаруй залуучуудад ажлын байр бий болголоо.",eagle.mn
343,"Хөвсгөл нуурын экосистемийг хамгаалах хөтөлбөр хэрэгжиж, биологийн олон янз байдлыг хамгаалахад чухал ач холбогдолтой боллоо.",gogo.mn
344,"Газрын тосны үнэ дэлхийн зах зээл дээр огцом өсч, дотоодын шатахууны үнэ 25 хувиар нэмэгдлээ. Тээврийн зардал ихэссэн.",montsame.mn
345,"Тавантолгойн нүүрсний экспортын хэмжээ 5 сая тоннд хүрч, түүхэн дээд амжилт тогтоолоо.",unuudur.mn
346,Монголын блокчэйн стартап компани 100 сая долларын хөрөнгө оруулалт татаж чадлаа.,eagle.mn
347,"Сургуулийн хүчирхийлэл буюу дарамтын тохиолдол 38 хувь нэмэгдэж, эцэг эхчүүдийн санааг зовоож бн.",ikon.mn
348,"Хотын нийтийн тээврийн автобусууд цахилгаан автобусаар солигдож, утааны бохирдол багассан байна. 4089 цахилгаан автобус замд гарлаа.",montsame.mn
349,Хөдөө орон нутгийн малчид ноолуурын үнэ унасанд санаа зовж байна. Ноолуурын үнэ 34 хувиар буурсан нь малчдыг хүнд байдалд оруулж байна.,gogo.mn
350,"Мал аж ахуйн даатгалын шинэ тогтолцоо нэвтэрч, байгалийн гамшгаар хохирсон малчдад нөхөн олговор олгогдож эхэллээ.",eagle.mn
351,Монголын блокчэйн стартап компани 1.5 сая долларын хөрөнгө оруулалт татаж чадлаа.,news.mn
352,"Монголын кино үйлдвэрлэл сүүлийн жилүүдэд хөгжиж, олон улсын наадамд шагнал хүртсэн 757 бүтээл гарлаа.",montsame.mn
353,"Хүүхдийн ядуурлын түвшин 9 хувьд хүрч, олон улсын байгууллагууд анхааруулга өгч байна.",montsame.mn
354,"Эмэгтэй бөхчүүд Ази тивийн аварга шалгаруулах тэмцээнд түрүүлж, спортын түүхэнд нэрээ үлдээлээ.",unuudur.mn
355,"Оюутолгой зэс алтны уурхайн газар доорхи олборлолт амжилттай үргэлжилж, эдийн засагт жилд 100 тэрбум долларын орлого авчирна.",montsame.mn
356,"Монгол Улсын эдийн засаг энэ онд 5 хувиар өсч, Азийн хөгжлийн банк энэ ахиц дэвшлийг өндрөөр үнэлж байна.",gogo.mn
357,"IT компаниуд олон улсын зах зээлд гарч, програм хангамжийн экспортыг 4749 дахин нэмэгдүүлсэн байна.",ikon.mn
358,"Архангай аймагт сүү боловсруулах шинэ үйлдвэр нээгдэж, орон нутгийн малчдын орлого 23 хувиар өсөх төлөвтэй байна.",unuudur.mn
359,Цэцэрлэгийн хүчин чадал хүрэлцэхгүй байгаа тул 1166 мянган хүүхэд гэртээ цоожлогдож үлдэж байна.,gogo.mn
360,"Хотын нийтийн тээврийн автобусууд цахилгаан автобусаар солигдож, утааны бохирдол багассан байна. 2754 цахилгаан автобус замд гарлаа.",zorig.mn
361,"Төв аймагт алт олборлогчид голын усыг бохирдуулж, иргэдийн эрүүл мэндэд хор хөнөөл учруулж байна. Байгаль орчны хяналт сулдсан.",unuudur.mn
362,Чингис хаан олон улсын нисэх онгоцны буудал жилд 1736 сая зорчигч хүлээн авч бн.,ikon.mn
363,"Эрдэнэт хотод технологийн хотхон нээгдэж, 2135 гаруй залуучуудад ажлын байр бий болголоо.",news.mn
364,"Бэлчээрийн доройтол дээд цэгтээ хүрч, малын тэжээл хомсдож бн. Цаг уурын өөрчлөлт малчдын амьдралд гол нөлөө үзүүлж бн.",news.mn
365,"Хүүхдийн ядуурлын түвшин 27 хувьд хүрч, олон улсын байгууллагууд анхааруулга өгч байна.",gogo.mn
366,"Тавантолгойн нүүрсний экспортын хэмжээ 5 сая тоннд хүрч, түүхэн дээд амжилт тогтоолоо.",eagle.mn
367,"Эрдэнэт хотод технологийн хотхон нээгдэж, 3939 гаруй залуучуудад ажлын байр бий болголоо.",news.mn
368,Монголын анхны хиймэл дагуул хөөргөгдсөн нь сансрын технологийн салбарт түүхэн алхам боллоо.,news.mn
369,"Эмэгтэй бөхчүүд Ази тивийн аварга шалгаруулах тэмцээнд түрүүлж, спортын түүхэнд нэрээ үлдээлээ.",ikon.mn
370,Монголын сонгодог урлагийн уран бүтээлчид Европт 2113 хотод тоглолт хийж амжилттай өндөрлөлөө.,montsame.mn
371,"Эрдэнэт хотод технологийн хотхон нээгдэж, 2796 гаруй залуучуудад ажлын байр бий болголоо.",unuudur.mn
372,"Уурхайн бүсэд ажилладаг жолоочид ажлын нөхцөл муу, цалин бага гэж гомдол гарган ажил хаялт зарлалаа.",eagle.mn
373,Хөдөө орон нутгийн малчид ноолуурын үнэ унасанд санаа зовж байна. Ноолуурын үнэ 21 хувиар буурсан нь малчдыг хүнд байдалд оруулж байна.,ikon.mn
374,"Тавантолгойн нүүрсний экспортын хэмжээ 5 сая тоннд хүрч, түүхэн дээд амжилт тогтоолоо.",ikon.mn
375,Эрүүл мэндийн даатгалын хамрагдалт 41 хувьд хүрсэн ч эмнэлгийн үйлчилгээний хүртээмж муу байсаар байна.,news.mn
376,"Булган аймагт зургадугаар сард хүчтэй шороон шуурга шуурч, 3897 айлын амьдрал доройтсон.",zorig.mn
377,"Төв банк инфляцийг 21 хувьд тогтвортой барьж, мөнгөний бодлогоо сайжруулсан нь эерэг үр дүн авчирч байна.",montsame.mn
378,Монголын блокчэйн стартап компани 100 сая долларын хөрөнгө оруулалт татаж чадлаа.,gogo.mn
379,"Улаанбаатар хотын агаарын бохирдол аюултай түвшинд хүрч, хүүхдийн уушигны өвчлөл 6 хувь нэмэгдсэн бн.",montsame.mn
380,Монголын сонгодог урлагийн уран бүтээлчид Европт 3109 хотод тоглолт хийж амжилттай өндөрлөлөө.,zorig.mn
381,"Улаанбаатар хотын агаарын бохирдол аюултай түвшинд хүрч, хүүхдийн уушигны өвчлөл 41 хувиар нэмэгдсэн байна.",news.mn
382,"Эмэгтэй бөхчүүд Ази тивийн аварга шалгаруулах тэмцээнд түрүүлж, спортын түүхэнд нэрээ үлдээлээ.",eagle.mn
383,"Цахим мөнгөний ашиглалт 4384 дахин нэмэгдэж, мобайл банкны гүйлгээний тоо байнга өсчээ.",montsame.mn
384,Эрүүл мэндийн даатгалын хамрагдалт 34 хувьд хүрэв ч эмнэлгийн үйлчилгээний хүртээмж муу байсаар бн.,eagle.mn
385,"Газрын тосны үнэ дэлхийн зах зээл дээр огцом өсч, дотоодын шатахууны үнэ 17 хувиар нэмэгдлээ. Тээврийн зардал ихэссэн.",news.mn
386,"Дорноговь аймагт малчин эмэгтэйчүүдийн холбоо байгуулагдаж, 2487 гаруй малчин хамрагдлаа.",news.mn
387,"Хөдөө аж ахуйн салбарт инноваци нэвтрүүлж, тэжээлийн ургамал тариалалт 1.5 га-гаар нэмэгдлээ.",ikon.mn
388,"Эрдэнэт хотод технологийн хотхон нээгдэж, 4242 гаруй залуучуудад ажлын байр бий болголоо.",news.mn
389,"Улаанбаатар хотын замын түгжрэл улам бүр даамжирч, зорчих хугацаа өдөрт 368 цаг давж байна.",eagle.mn
390,Эрүүл мэндийн даатгалын хамрагдалт 13 хувьд хүрсэн ч эмнэлгийн үйлчилгээний хүртээмж муу байсаар байна.,news.mn
391,Хөдөө орон нутгийн малчид ноолуурын үнэ унасанд санаа зовж бн. Ноолуурын үнэ 22 хувь буурсан нь малчдыг хүнд байдалд оруулж бн.,montsame.mn
392,"Эмэгтэй бөхчүүд Ази тивийн аварга шалгаруулах тэмцээнд түрүүлж, спортын түүхэнд нэрээ үлдээлээ.",unuudur.mn
393,"Хөвсгөл нуурын экосистемийг хамгаалах хөтөлбөр хэрэгжиж, биологийн олон янз байдлыг хамгаалахад чухал ач холбогдолтой боллоо.",unuudur.mn
394,"Эрдэнэт хотод технологийн хотхон нээгдэж, 683 гаруй залуучуудад ажлын байр бий болголоо.",news.mn
395,"Ховд аймагт алт олборлогчид голын усыг бохирдуулж, иргэдийн эрүүл мэндэд хор хөнөөл учруулж байна. Байгаль орчны хяналт сулдсан.",news.mn
396,Хүний эрхийн комиссын тайланд дурдсанаар хүүхдийн хөдөлмөр эрхлэлт 42 хувиар өссөн байна.,ikon.mn
397,"Хот даяар ногоон байгууламжийн талбай нэмэгдэж, агаарын чанарыг сайжруулахад хувь нэмэр оруулж байна. Мод тарих аян үргэлжилж байна.",news.mn
398,"Төв аймагт алт олборлогчид голын усыг бохирдуулж, иргэдийн эрүүл мэндэд хор хөнөөл учруулж байна. Байгаль орчны хяналт сулдсан.",ikon.mn
399,Чингис хаан олон улсын нисэх онгоцны буудал жилд 1452 сая зорчигч хүлээн авч байна.,eagle.mn
400,Дэлхийн банк-оос 50 сая долларын хөнгөлөлттэй зээл олгохоор шийдвэрлэсэн нь дэд бүтцийн хөгжилд боломж нээж байна.,montsame.mn
401,"Эмэгтэй бөхчүүд Ази тивийн аварга шалгаруулах тэмцээнд түрүүлж, спортын түүхэнд нэрээ үлдээлээ.",ikon.mn
402,"Мал аж ахуйн даатгалын шинэ тогтолцоо нэвтэрч, байгалийн гамшгаар хохирсон малчдад нөхөн олговор олгогдож эхэллээ.",unuudur.mn
403,"IT компаниуд олон улсын зах зээлд гарч, програм хангамжийн экспортыг 1298 дахин нэмэгдүүлсэн байна.",zorig.mn
404,"Хот даяар ногоон байгууламжийн талбай нэмэгдэж, агаарын чанарыг сайжруулахад хувь нэмэр оруулж байна. Мод тарих аян үргэлжилж байна.",unuudur.mn
405,"Увс аймагт ноцтой үер бууж, 871 гаруй гэр барилга усанд автсан. Онцгой байдлын алба ажиллаж бн.",news.mn
406,"Цахим мөнгөний ашиглалт 853 дахин нэмэгдэж, мобайл банкны гүйлгээний тоо байнга өсчээ.",unuudur.mn
407,"Улаанбаатар хотын замын түгжрэл улам бүр даамжирч, зорчих хугацаа өдөрт 3145 цаг давж байна.",unuudur.mn
408,"Дорноговь аймагт сүү боловсруулах шинэ үйлдвэр нээгдэж, орон нутгийн малчдын орлого 32 хувиар өсөх төлөвтэй байна.",gogo.mn
409,"Тавантолгойн нүүрсний экспортын хэмжээ 1.5 сая тоннд хүрч, түүхэн дээд амжилт тогтоолоо.",ikon.mn
410,"Метроны барилгын ажил албан ёсоор эхэлж, 2030 онд ашиглалтад ороход түгжрэлийг 15 хувиар бууруулна.",ikon.mn
411,"Улаанбаатар хотын агаарын бохирдол аюултай түвшинд хүрч, хүүхдийн уушигны өвчлөл 26 хувиар нэмэгдсэн байна.",montsame.mn
412,"Архангай аймагт алт олборлогчид голын усыг бохирдуулж, иргэдийн эрүүл мэндэд хор хөнөөл учруулж байна. Байгаль орчны хяналт сулдсан.",unuudur.mn
413,"Бэлчээрийн доройтол дээд цэгтээ хүрч, малын тэжээл хомсдож байна. Цаг уурын өөрчлөлт малчдын амьдралд гол нөлөө үзүүлж байна.",montsame.mn
414,"Хүүхдийн ядуурлын түвшин 22 хувьд хүрч, олон улсын байгууллагууд анхааруулга өгч бн.",montsame.mn
415,"Цахим мөнгөний ашиглалт 2290 дахин нэмэгдэж, мобайл банкны гүйлгээний тоо байнга өсчээ.",gogo.mn
416,Цэцэрлэгийн хүчин чадал хүрэлцэхгүй байгаа тул 3133 мянган хүүхэд гэртээ цоожлогдож үлдэж байна.,zorig.mn
417,"Хот даяар ногоон байгууламжийн талбай нэмэгдэж, агаарын чанарыг сайжруулахад хувь нэмэр оруулж байна. Мод тарих аян үргэлжилж байна.",news.mn
418,"Хөдөө аж ахуйн салбарт инноваци нэвтрүүлж, тэжээлийн ургамал тариалалт 2.5 га-гаар нэмэгдлээ.",zorig.mn
419,"Эрдэнэт хотод технологийн хотхон нээгдэж, 1408 гаруй залуучуудад ажлын байр бий болголоо.",unuudur.mn
420,"Оюутолгой зэс алтны уурхайн газар доорхи олборлолт амжилттай үргэлжилж, эдийн засагт жилд 3.2 тэрбум долларын орлого авчирна.",montsame.mn
421,Хүний эрхийн комиссын тайланд дурдсанаар хүүхдийн хөдөлмөр эрхлэлт 43 хувиар өссөн байна.,news.mn
422,Төмөр замын шинэ чиглэл ашиглалтад орсон нь экспортын хүчин чадлыг 34 хувиар нэмэгдүүлэх боломжтой боллоо.,zorig.mn
423,Эрүүл мэндийн даатгалын хамрагдалт 18 хувьд хүрсэн ч эмнэлгийн үйлчилгээний хүртээмж муу байсаар байна.,gogo.mn
424,"Бэлчээрийн доройтол дээд цэгтээ хүрч, малын тэжээл хомсдож байна. Цаг уурын өөрчлөлт малчдын амьдралд гол нөлөө үзүүлж байна.",montsame.mn
425,"БНСУ-д ажиллаж байгаа Монгол иргэдийн цалин өсч, гэр бүлдээ илгээх мөнгөн гуйвуулга 2.5 тэрбум төгрөгт хүрлээ.",unuudur.mn
426,"Бэлчээрийн доройтол дээд цэгтээ хүрч, малын тэжээл хомсдож бн. Цаг уурын өөрчлөлт малчдын амьдралд гол нөлөө үзүүлж бн.",montsame.mn
427,Хөдөө орон нутгийн малчид ноолуурын үнэ унасанд санаа зовж байна. Ноолуурын үнэ 7 хувиар буурсан нь малчдыг хүнд байдалд оруулж байна.,eagle.mn
428,"Монголын шигшээ баг олон улсын тэмцээнд өндөр амжилт үзүүлж, 2548 алтан медаль хүртлээ.",gogo.mn
429,"Эмэгтэй бөхчүүд Ази тивийн аварга шалгаруулах тэмцээнд түрүүлж, спортын түүхэнд нэрээ үлдээлээ.",montsame.mn
430,"Хот даяар ногоон байгууламжийн талбай нэмэгдэж, агаарын чанарыг сайжруулахад хувь нэмэр оруулж байна. Мод тарих аян үргэлжилж байна.",news.mn
431,"Хөдөө аж ахуйн салбарт инноваци нэвтрүүлж, тэжээлийн ургамал тариалалт 50 га-гаар нэмэгдлээ.",ikon.mn
432,"Уурхайн бүсэд ажилладаг жолоочид ажлын нөхцөл муу, цалин бага гэж гомдол гарган ажил хаялт зарлалаа.",news.mn
433,"Хөдөө аж ахуйн салбарт инноваци нэвтрүүлж, тэжээлийн ургамал тариалалт 5 га-гаар нэмэгдлээ.",ikon.mn
434,"БНСУ-д ажиллаж байгаа Монгол иргэдийн цалин өсч, гэр бүлдээ илгээх мөнгөн гуйвуулга 10 тэрбум төгрөгт хүрлээ.",ikon.mn
435,"Монголын кино үйлдвэрлэл сүүлийн жилүүдэд хөгжиж, олон улсын наадамд шагнал хүртсэн 816 бүтээл гарлаа.",news.mn
436,"Хэнтий аймагт малчин эмэгтэйчүүдийн холбоо байгуулагдаж, 1731 гаруй малчин хамрагдлаа.",unuudur.mn
437,"Улаанбаатар хотын замын түгжрэл улам бүр даамжирч, зорчих хугацаа өдөрт 2436 цаг давж байна.",montsame.mn
438,Төмөр замын шинэ чиглэл ашиглалтад орсон нь экспортын хүчин чадлыг 6 хувь нэмэгдүүлэх боломжтой боллоо.,zorig.mn
439,Цэцэрлэгийн хүчин чадал хүрэлцэхгүй байгаа тул 2395 мянган хүүхэд гэртээ цоожлогдож үлдэж байна.,eagle.mn
440,"Тавантолгойн нүүрсний экспортын хэмжээ 20 сая тоннд хүрч, түүхэн дээд амжилт тогтоолоо.",unuudur.mn
441,"Уурхайн бүсэд ажилладаг жолоочид ажлын нөхцөл муу, цалин бага гэж гомдол гарган ажил хаялт зарлалаа.",montsame.mn
442,"Увс аймагт алт олборлогчид голын усыг бохирдуулж, иргэдийн эрүүл мэндэд хор хөнөөл учруулж байна. Байгаль орчны хяналт сулдсан.",gogo.mn
443,"Монгол Улсын эдийн засаг энэ онд 35 хувиар өсч, Азийн хөгжлийн банк энэ ахиц дэвшлийг өндрөөр үнэлж байна.",eagle.mn
444,Төмөр замын шинэ чиглэл ашиглалтад орсон нь экспортын хүчин чадлыг 26 хувиар нэмэгдүүлэх боломжтой боллоо.,montsame.mn
445,"Бэлчээрийн доройтол дээд цэгтээ хүрч, малын тэжээл хомсдож бн. Цаг уурын өөрчлөлт малчдын амьдралд гол нөлөө үзүүлж бн.",eagle.mn
446,"Монголын шигшээ баг олон улсын тэмцээнд өндөр амжилт үзүүлж, 3318 алтан медаль хүртлээ.",news.mn
447,Цэцэрлэгийн хүчин чадал хүрэлцэхгүй байгаа тул 1198 мянган хүүхэд гэртээ цоожлогдож үлдэж байна.,ikon.mn
448,Цэцэрлэгийн хүчин чадал хүрэлцэхгүй байгаа тул 3800 мянган хүүхэд гэртээ цоожлогдож үлдэж бн.,eagle.mn
449,"Хотын нийтийн тээврийн автобусууд цахилгаан автобусаар солигдож, утааны бохирдол багассан байна. 1975 цахилгаан автобус замд гарлаа.",news.mn
450,"Хөдөө аж ахуйн салбарт инноваци нэвтрүүлж, тэжээлийн ургамал тариалалт 20 га-гаар нэмэгдлээ.",zorig.mn
451,Монголын E-спортын баг Дэлхийн аварга шалгаруулах тэмцээнд шилдэг 4004-д шалгарсан байна.,montsame.mn
452,Хөдөө орон нутгийн малчид ноолуурын үнэ унасанд санаа зовж байна. Ноолуурын үнэ 5 хувиар буурсан нь малчдыг хүнд байдалд оруулж байна.,montsame.mn
453,"Монголын шигшээ баг олон улсын тэмцээнд өндөр амжилт үзүүлж, 3379 алтан медаль хүртлээ.",news.mn
454,Чингис хаан олон улсын нисэх онгоцны буудал жилд 1717 сая зорчигч хүлээн авч бн.,gogo.mn
455,Эрүүл мэндийн даатгалын хамрагдалт 33 хувьд хүрсэн ч эмнэлгийн үйлчилгээний хүртээмж муу байсаар байна.,zorig.mn
456,"Газрын тосны үнэ дэлхийн зах зээл дээр огцом өсч, дотоодын шатахууны үнэ 13 хувиар нэмэгдлээ. Тээврийн зардал ихэссэн.",ikon.mn
457,Хүний эрхийн комиссын тайланд дурдсанаар хүүхдийн хөдөлмөр эрхлэлт 41 хувиар өссөн байна.,ikon.mn
458,Цэцэрлэгийн хүчин чадал хүрэлцэхгүй байгаа тул 3424 мянган хүүхэд гэртээ цоожлогдож үлдэж байна.,news.mn
459,"Газрын тосны үнэ дэлхийн зах зээл дээр огцом өсч, дотоодын шатахууны үнэ 45 хувиар нэмэгдлээ. Тээврийн зардал ихэссэн.",gogo.mn
460,"Сэлэнгэ аймагт сүү боловсруулах шинэ үйлдвэр нээгдэж, орон нутгийн малчдын орлого 8 хувиар өсөх төлөвтэй байна.",news.mn
461,"Улаанбаатар хотын агаарын бохирдол аюултай түвшинд хүрч, хүүхдийн уушигны өвчлөл 14 хувиар нэмэгдсэн байна.",unuudur.mn
462,"Уурхайн бүсэд ажилладаг жолоочид ажлын нөхцөл муу, цалин бага гэж гомдол гарган ажил хаялт зарлалаа.",zorig.mn
463,Хөдөө орон нутгийн малчид ноолуурын үнэ унасанд санаа зовж байна. Ноолуурын үнэ 42 хувиар буурсан нь малчдыг хүнд байдалд оруулж байна.,ikon.mn
464,Монголын блокчэйн стартап компани 50 сая долларын хөрөнгө оруулалт татаж чадлаа.,eagle.mn
465,"Хотын нийтийн тээврийн автобусууд цахилгаан автобусаар солигдож, утааны бохирдол багассан байна. 1930 цахилгаан автобус замд гарлаа.",gogo.mn
466,Цэцэрлэгийн хүчин чадал хүрэлцэхгүй байгаа тул 4680 мянган хүүхэд гэртээ цоожлогдож үлдэж байна.,zorig.mn
467,"Улаанбаатар хотын агаарын бохирдол аюултай түвшинд хүрч, хүүхдийн уушигны өвчлөл 38 хувиар нэмэгдсэн байна.",unuudur.mn
468,"Улаанбаатар хотын замын түгжрэл улам бүр даамжирч, зорчих хугацаа өдөрт 2286 цаг давж бн.",ikon.mn
469,"Оюутолгой зэс алтны уурхайн газар доорхи олборлолт амжилттай үргэлжилж, эдийн засагт жилд 2.5 тэрбум долларын орлого авчирна.",unuudur.mn
470,Монголын анхны хиймэл дагуул хөөргөгдсөн нь сансрын технологийн салбарт түүхэн алхам боллоо.,ikon.mn
471,"IT компаниуд олон улсын зах зээлд гарч, програм хангамжийн экспортыг 3496 дахин нэмэгдүүлсэн бн.",montsame.mn
472,"Тавантолгойн нүүрсний экспортын хэмжээ 100 сая тоннд хүрч, түүхэн дээд амжилт тогтоолоо.",montsame.mn
473,Монголын сонгодог урлагийн уран бүтээлчид Европт 39 хотод тоглолт хийж амжилттай өндөрлөлөө.,eagle.mn
474,"Монгол Улсын эдийн засаг энэ онд 20 хувиар өсч, ОУВС энэ ахиц дэвшлийг өндрөөр үнэлж байна.",news.mn
475,Монголын сонгодог урлагийн уран бүтээлчид Европт 2553 хотод тоглолт хийж амжилттай өндөрлөлөө.,montsame.mn
476,"Эмэгтэй бөхчүүд Ази тивийн аварга шалгаруулах тэмцээнд түрүүлж, спортын түүхэнд нэрээ үлдээлээ.",news.mn
477,Цэцэрлэгийн хүчин чадал хүрэлцэхгүй байгаа тул 208 мянган хүүхэд гэртээ цоожлогдож үлдэж байна.,gogo.mn
478,"Эрдэнэт хотод технологийн хотхон нээгдэж, 274 гаруй залуучуудад ажлын байр бий болголоо.",unuudur.mn
479,"Монгол Улсын эдийн засаг энэ онд 9 хувиар өсч, Азийн хөгжлийн банк энэ ахиц дэвшлийг өндрөөр үнэлж байна.",montsame.mn
480,"Өвөрхангай аймагт сүү боловсруулах шинэ үйлдвэр нээгдэж, орон нутгийн малчдын орлого 28 хувиар өсөх төлөвтэй байна.",zorig.mn
481,"Булган аймагт сүү боловсруулах шинэ үйлдвэр нээгдэж, орон нутгийн малчдын орлого 10 хувиар өсөх төлөвтэй байна.",ikon.mn
482,"Цахим мөнгөний ашиглалт 4775 дахин нэмэгдэж, мобайл банкны гүйлгээний тоо байнга өсчээ.",zorig.mn
483,"IT компаниуд олон улсын зах зээлд гарч, програм хангамжийн экспортыг 191 дахин нэмэгдүүлсэн байна.",gogo.mn
484,"Архангай аймагт алт олборлогчид голын усыг бохирдуулж, иргэдийн эрүүл мэндэд хор хөнөөл учруулж байна. Байгаль орчны хяналт сулдсан.",news.mn
485,"Эмэгтэй бөхчүүд Ази тивийн аварга шалгаруулах тэмцээнд түрүүлж, спортын түүхэнд нэрээ үлдээлээ.",news.mn
486,"Газрын тосны үнэ дэлхийн зах зээл дээр огцом өсч, дотоодын шатахууны үнэ 29 хувиар нэмэгдлээ. Тээврийн зардал ихэссэн.",ikon.mn
487,Цэцэрлэгийн хүчин чадал хүрэлцэхгүй байгаа тул 3064 мянган хүүхэд гэртээ цоожлогдож үлдэж бн.,ikon.mn
488,Монголын сонгодог урлагийн уран бүтээлчид Европт 2512 хотод тоглолт хийж амжилттай өндөрлөлөө.,gogo.mn
489,Цэцэрлэгийн хүчин чадал хүрэлцэхгүй байгаа тул 4737 мянган хүүхэд гэртээ цоожлогдож үлдэж байна.,eagle.mn
490,Монголын блокчэйн стартап компани 2.5 сая долларын хөрөнгө оруулалт татаж чадлаа.,montsame.mn
491,"Баян-Өлгий аймагт сүү боловсруулах шинэ үйлдвэр нээгдэж, орон нутгийн малчдын орлого 21 хувиар өсөх төлөвтэй байна.",eagle.mn
492,"Монгол Улсын эдийн засаг энэ онд 5 хувь өсч, ОУВС энэ ахиц дэвшлийг өндрөөр үнэлж бн.",eagle.mn
493,"Төв аймагт ноцтой үер бууж, 2630 гаруй гэр барилга усанд автсан. Онцгой байдлын алба ажиллаж бн.",montsame.mn
494,"Монголын шигшээ баг олон улсын тэмцээнд өндөр амжилт үзүүлж, 4172 алтан медаль хүртлээ.",ikon.mn
495,"Мал аж ахуйн даатгалын шинэ тогтолцоо нэвтэрч, байгалийн гамшгаар хохирсон малчдад нөхөн олговор олгогдож эхэллээ.",zorig.mn
496,"Хөдөө аж ахуйн салбарт инноваци нэвтрүүлж, тэжээлийн ургамал тариалалт 100 га-гаар нэмэгдлээ.",eagle.mn
497,"Хөдөө аж ахуйн салбарт инноваци нэвтрүүлж, тэжээлийн ургамал тариалалт 50 га-гаар нэмэгдлээ.",news.mn
498,"Хүүхдийн ядуурлын түвшин 38 хувьд хүрч, олон улсын байгууллагууд анхааруулга өгч байна.",montsame.mn
499,"Хотын нийтийн тээврийн автобусууд цахилгаан автобусаар солигдож, утааны бохирдол багассан байна. 837 цахилгаан автобус замд гарлаа.",unuudur.mn
500,"Эрдэнэт хотод технологийн хотхон нээгдэж, 3715 гаруй залуучуудад ажлын байр бий болголоо.",unuudur.mn
